y_pred_id,SRAvg,SRTotal,DRAvg,DRTotal,Count
97.0,1.0,1.0,0.9966092116417067,0.9966092116417067,1.0
98.0,1.0,1.0,0.9848099975681387,0.43269573305561754,52.0
99.0,1.0,1.0,0.998389861581482,0.42677505710824054,288.0
100.0,1.0056113376651792,3.709254559128381,1.0075706746754345,6.6454648510133305,298.0
101.0,0.9928797880746644,0.7356034592214746,0.9941759797021521,0.7722848647099031,36.0
102.0,1.0265961111808717,1.3817131935421476,1.0294050643734527,1.4331877576831193,13.0
103.0,1.010727203875349,1.0419619542120004,1.0139794579639219,1.0586448429501867,5.0
117.0,1.23619305019305,1.23619305019305,1.245173745173745,1.245173745173745,1.0
