y_pred_id,SRAvg,SRTotal,DRAvg,DRTotal,Count
97.0,1.0,1.0,0.9966092116417067,0.9966092116417067,1.0
98.0,1.0,1.0,0.9832748967472914,0.39551861928975396,53.0
99.0,1.0,1.0,0.9978862328634069,0.3665303187014794,287.0
100.0,1.0062426460843295,4.425593467712832,1.0080677795543411,7.640929717591243,299.0
101.0,0.9898543224220816,0.674473737204377,0.9916654310496724,0.7188540674002702,34.0
102.0,1.0286570157124608,1.4583274895529104,1.0318510859590142,1.5244092506374087,14.0
103.0,1.010727203875349,1.0419619542120004,1.0139794579639219,1.0586448429501867,5.0
117.0,1.2412298320103377,1.2412298320103377,1.245173745173745,1.245173745173745,1.0
