y_pred_id,SRAvg,SRTotal,DRAvg,DRTotal,Count
97.0,1.0,1.0,0.9966092116417067,0.9966092116417067,1.0
98.0,1.0,1.0,0.9848120242062701,0.4327416838582571,52.0
99.0,1.0,1.0,0.9983240122087779,0.4195069125251292,287.0
100.0,1.00583196291523,3.974002783318129,1.0077647806394812,7.077410289882587,299.0
101.0,0.9928550198564784,0.7349710600606606,0.9941511115619187,0.771623473161479,36.0
102.0,1.0265961111808717,1.3817131935421476,1.0294050643734527,1.4331877576831193,13.0
103.0,1.010727203875349,1.0419619542120004,1.0139794579639219,1.0586448429501867,5.0
117.0,1.23619305019305,1.23619305019305,1.245173745173745,1.245173745173745,1.0
