y_pred_id,SRAvg,SRTotal,DRAvg,DRTotal,Count
97.0,1.0,1.0,0.9966092116417067,0.9966092116417067,1.0
98.0,1.0,1.0,0.981935631221581,0.36746322489891015,53.0
99.0,1.0,1.0,0.9954091829094529,0.18169732804787353,279.0
100.0,1.0060233424028877,4.2729842757111465,1.0077904920634273,7.1464864468428955,303.0
101.0,0.9898620875153655,0.6679304504069882,0.9923601073523106,0.7303407096090342,35.0
102.0,1.0269623833312096,1.502368853400035,1.0288815155789237,1.5479535480469482,16.0
103.0,1.008663746242289,1.0402390264385302,1.0124466116003317,1.0637076846438323,6.0
117.0,1.2412298320103377,1.2412298320103377,1.245173745173745,1.245173745173745,1.0
