y_pred_id,SRAvg,SRTotal,DRAvg,DRTotal,Count
97.0,1.0,1.0,0.9966092116417067,0.9966092116417067,1.0
98.0,1.0,1.0,0.9820138179417349,0.37577262033068004,52.0
99.0,1.0,1.0,0.994971570895474,0.16272728916166718,277.0
100.0,1.0059676176512748,4.2772321119073755,1.0074111909854198,6.544916234005464,306.0
101.0,0.9898556905443288,0.6676687373547917,0.9923535484099074,0.7300565095087486,35.0
102.0,1.0269623903369263,1.5023690204932338,1.0288815155789237,1.5479535480469482,16.0
103.0,1.008663746242289,1.0402390264385302,1.0124466116003317,1.0637076846438323,6.0
117.0,1.23619305019305,1.23619305019305,1.245173745173745,1.245173745173745,1.0
