y_pred_id,SRAvg,SRTotal,DRAvg,DRTotal,Count
97.0,1.0,1.0,0.9966092116417067,0.9966092116417067,1.0
98.0,1.0,1.0,0.9819776402820205,0.3750580825977803,52.0
99.0,1.0,1.0,0.9950779015007816,0.16666880631835398,277.0
100.0,1.0057670555017713,4.013177852499404,1.007650551564963,7.002063518914169,306.0
101.0,0.9898620871892655,0.6679304430239449,0.9923601073523106,0.7303407096090342,35.0
102.0,1.0269623831953156,1.5023688501658863,1.0288815155789237,1.5479535480469482,16.0
103.0,1.008663746242289,1.0402390264385302,1.0124466116003317,1.0637076846438323,6.0
117.0,1.2412298320103377,1.2412298320103377,1.245173745173745,1.245173745173745,1.0
