y_pred_id,SRAvg,SRTotal,DRAvg,DRTotal,Count
0.0,1.0,1.0,0.9940196463982722,0.24612542276728266,186.0
333.0,1.0,1.0,0.9992898744952258,0.6510301539614802,240.0
666.0,1.0,1.0,1.0011946459734413,1.0095218179744967,112.0
1000.0,1.0339403526326965,6.448180654285031,1.035038769812984,6.874120200068136,60.0
