y_pred_id,SRAvg,SRTotal,DRAvg,DRTotal,Count
0.0,1.0,1.0,0.9946206660760694,0.3037934117255959,172.0
333.0,1.0,1.0,1.0023411175607602,1.3913333791875855,238.0
666.0,1.0006667705010341,0.9522746075807004,1.0030723925520233,1.284481308087419,125.0
1000.0,1.0314650806579244,6.17921586276681,1.0337226334474352,7.0830151381550674,63.0
