y_pred_id,SRAvg,SRTotal,DRAvg,DRTotal,Count
0.0,1.0,1.0,0.9951955773621148,0.34116866193765166,169.0
333.0,1.0,1.0,1.0031928415528282,1.765672893649757,246.0
666.0,0.9995732311108662,0.8523731785623913,1.002384654459245,1.1916348169015731,119.0
1000.0,1.0234944284263001,3.923170859262352,1.0253553578942491,4.4003392735863525,64.0
