y_pred_id,SRAvg,SRTotal,DRAvg,DRTotal,Count
0.0,1.0,1.0,0.9921935105958467,0.010365620861002196,497.0
333.0,1.0,1.0,0.9969473101645453,0.054349250552905945,639.0
666.0,1.0,1.0,1.0153713171822905,75.58392882929164,323.0
1000.0,1.0381392356405093,2944.9761089412286,1.0425087056222877,7852.1527597192535,232.0
