y_pred_id,SRAvg,SRTotal,DRAvg,DRTotal,Count
0.0,1.0,1.0,0.9941150599457046,0.25062031045356026,186.0
333.0,1.0,1.0,0.9998537462585514,0.7505285240552568,243.0
666.0,1.0006500900937594,0.94844489091336,1.0013464771046174,1.024364099965746,110.0
1000.0,1.0347578843090461,6.538090853156748,1.0354876420475363,6.819169345726542,59.0
