y_pred_id,SRAvg,SRTotal,DRAvg,DRTotal,Count
0.0,1.0,1.0,0.9940196463982722,0.24612542276728266,187.0
333.0,1.0,1.0,0.9992536406785322,0.6449068628522706,240.0
666.0,1.0004162901886884,0.925004663443662,1.001123827635421,1.0017410674486948,112.0
1000.0,1.0344813259389,6.436529087080973,1.0352977050334535,6.740909105920409,59.0
