y_pred_id,SRAvg,SRTotal,DRAvg,DRTotal,Count
0.0,1.0,1.0,0.995902741843263,0.24961452319070598,236.0
1000.0,1.0049781453138835,5.930636908748288,1.0055242014402526,7.631702002439487,456.0
